id,symbol,name,current_price,circulating_supply,market_cap,total_volume,price_change_percentage_24h,price_change_percentage_7d_in_currency,last_updated,market_cap_rank,volume_to_market_cap,risk_flag
synthetic-coin-30,syn30,Synthetic Coin 30,535.550506,79696349.0,42681420033.0,4377497394.0,10.61,10.17,2026-09-19 22:39:48.436834+00:00,1,0.10256213103067915,True
synthetic-coin-46,syn46,Synthetic Coin 46,42.21846,85711414.0,3618603904.0,547764417.0,2.68,4.86,2026-09-19 22:39:48.436834+00:00,2,0.15137451667326782,False
synthetic-coin-40,syn40,Synthetic Coin 40,32.67167,99273896.0,3243443970.0,825837287.0,-5.42,3.6,2026-09-19 22:39:48.436834+00:00,3,0.25461740502950636,False
binancecoin,bnb,BNB,48.478938,66820234.0,3239373981.0,764060139.0,-3.84,-4.91,2026-09-19 22:39:48.436834+00:00,4,0.2358666036961047,False
synthetic-coin-35,syn35,Synthetic Coin 35,70.664589,44235021.0,3125849578.0,356425787.0,-5.79,2.45,2026-09-19 22:39:48.436834+00:00,5,0.11402525236932562,False
synthetic-coin-18,syn18,Synthetic Coin 18,42.815518,65788457.0,2816766865.0,631789771.0,1.61,14.76,2026-09-19 22:39:48.436834+00:00,6,0.22429608174193003,False
synthetic-coin-48,syn48,Synthetic Coin 48,28.726704,91847560.0,2638477669.0,469535250.0,-7.35,-17.11,2026-09-19 22:39:48.436834+00:00,7,0.17795687851243283,False
tether,usdt,Tether,33.145349,78256067.0,2593824652.0,717258376.0,-7.13,-5.69,2026-09-19 22:39:48.436834+00:00,8,0.27652539096925816,False
synthetic-coin-10,syn10,Synthetic Coin 10,42.896745,51055018.0,2190094088.0,365829502.0,-6.09,7.73,2026-09-19 22:39:48.436834+00:00,9,0.16703825831248945,False
synthetic-coin-11,syn11,Synthetic Coin 11,35.008254,57305378.0,2006161229.0,130064257.0,1.88,3.53,2026-09-19 22:39:48.436834+00:00,10,0.06483240485353832,False
synthetic-coin-41,syn41,Synthetic Coin 41,21.8961,85486904.0,1871829799.0,293711871.0,5.59,10.43,2026-09-19 22:39:48.436834+00:00,11,0.15691163328894092,False
synthetic-coin-26,syn26,Synthetic Coin 26,21.426284,56971959.0,1220697374.0,414451134.0,-6.21,6.46,2026-09-19 22:39:48.436834+00:00,12,0.3395199685257945,False
synthetic-coin-39,syn39,Synthetic Coin 39,27.144802,41444335.0,1124998268.0,301383256.0,5.03,2.08,2026-09-19 22:39:48.436834+00:00,13,0.267896639997316,False
bitcoin,btc,Bitcoin,13.591358,79887416.0,1085778471.0,255213983.0,2.14,3.69,2026-09-19 22:39:48.436834+00:00,14,0.23505161487034126,False
synthetic-coin-13,syn13,Synthetic Coin 13,70.420359,14839902.0,1045031226.0,64568419.0,11.98,-0.33,2026-09-19 22:39:48.436834+00:00,15,0.06178611451367291,True
synthetic-coin-29,syn29,Synthetic Coin 29,17.490222,56361508.0,985775287.0,160467371.0,-0.32,-18.77,2026-09-19 22:39:48.436834+00:00,16,0.16278291119302526,False
synthetic-coin-34,syn34,Synthetic Coin 34,25.329224,35402420.0,896715826.0,70664385.0,-7.11,-10.12,2026-09-19 22:39:48.436834+00:00,17,0.07880354394458965,False
synthetic-coin-27,syn27,Synthetic Coin 27,15.346511,55804360.0,856402225.0,235318185.0,-10.05,-9.23,2026-09-19 22:39:48.436834+00:00,18,0.2747753078292154,True
synthetic-coin-44,syn44,Synthetic Coin 44,9.331275,82345770.0,768391025.0,177458251.0,-0.24,-6.5,2026-09-19 22:39:48.436834+00:00,19,0.23094784455609693,False
synthetic-coin-22,syn22,Synthetic Coin 22,85.206922,8840542.0,753275373.0,253887853.0,-0.84,-4.39,2026-09-19 22:39:48.436834+00:00,20,0.33704520564486845,False
synthetic-coin-16,syn16,Synthetic Coin 16,15.44834,44521743.0,687787023.0,95978765.0,-5.94,-7.56,2026-09-19 22:39:48.436834+00:00,21,0.13954721707507411,False
synthetic-coin-36,syn36,Synthetic Coin 36,5.883225,98291100.0,578268657.0,119663824.0,-4.35,-16.29,2026-09-19 22:39:48.436834+00:00,22,0.2069346532125811,False
synthetic-coin-14,syn14,Synthetic Coin 14,18.821855,25302635.0,476242527.0,117512333.0,17.48,32.34,2026-09-19 22:39:48.436834+00:00,23,0.24674892798895298,True
synthetic-coin-20,syn20,Synthetic Coin 20,5.10528,85652920.0,437282139.0,17404254.0,-2.49,-10.54,2026-09-19 22:39:48.436834+00:00,24,0.0398009716102308,False
synthetic-coin-23,syn23,Synthetic Coin 23,5.424583,76734886.0,416254758.0,132750900.0,6.4,6.35,2026-09-19 22:39:48.436834+00:00,25,0.3189174356536725,False
dogecoin,doge,Dogecoin,7.144892,56009049.0,400178606.0,16253763.0,-1.33,8.63,2026-09-19 22:39:48.436834+00:00,26,0.04061627172543052,False
synthetic-coin-47,syn47,Synthetic Coin 47,11.555842,28857005.0,333466990.0,8052834.0,-2.73,-1.14,2026-09-19 22:39:48.436834+00:00,27,0.024148819048026314,False
synthetic-coin-19,syn19,Synthetic Coin 19,6.686885,47638524.0,318553332.0,42372782.0,-4.88,-14.84,2026-09-19 22:39:48.436834+00:00,28,0.13301628877641122,False
cardano,ada,Cardano,3.925583,78292174.0,307342427.0,5446755.0,3.81,0.11,2026-09-19 22:39:48.436834+00:00,29,0.017722105773570924,False
synthetic-coin-43,syn43,Synthetic Coin 43,11.755517,24160009.0,284013397.0,59243294.0,-0.94,-2.33,2026-09-19 22:39:48.436834+00:00,30,0.2085933080121569,False
usd-coin,usdc,USDC,9.541787,28435040.0,271321095.0,18116325.0,-8.26,-6.29,2026-09-19 22:39:48.436834+00:00,31,0.06677079421340239,False
synthetic-coin-49,syn49,Synthetic Coin 49,8.458384,30065781.0,254307921.0,31064428.0,-7.67,-6.86,2026-09-19 22:39:48.436834+00:00,32,0.12215281332113914,False
synthetic-coin-25,syn25,Synthetic Coin 25,3.653673,63837113.0,233239936.0,23416307.0,-0.95,2.09,2026-09-19 22:39:48.436834+00:00,33,0.1003957872806139,False
synthetic-coin-24,syn24,Synthetic Coin 24,3.137243,57885461.0,181600757.0,45018905.0,0.94,-0.53,2026-09-19 22:39:48.436834+00:00,34,0.24790042587763,False
synthetic-coin-28,syn28,Synthetic Coin 28,16.868791,9966076.0,168115653.0,42658114.0,-2.92,2.88,2026-09-19 22:39:48.436834+00:00,35,0.25374266606810253,False
synthetic-coin-32,syn32,Synthetic Coin 32,2.652532,60680986.0,160958257.0,51005227.0,5.9,-5.07,2026-09-19 22:39:48.436834+00:00,36,0.3168848119422665,False
synthetic-coin-21,syn21,Synthetic Coin 21,1.892958,56958374.0,107819810.0,5404145.0,-3.67,2.12,2026-09-19 22:39:48.436834+00:00,37,0.050122004481365716,False
synthetic-coin-31,syn31,Synthetic Coin 31,3.277792,31091059.0,101910024.0,4358990.0,0.78,-6.81,2026-09-19 22:39:48.436834+00:00,38,0.042772926832006244,False
synthetic-coin-45,syn45,Synthetic Coin 45,11.442989,6771971.0,77491590.0,2999782.0,-3.93,-5.94,2026-09-19 22:39:48.436834+00:00,39,0.03871106529108514,False
synthetic-coin-17,syn17,Synthetic Coin 17,1.085711,67171893.0,72929263.0,8205571.0,-12.79,-16.24,2026-09-19 22:39:48.436834+00:00,40,0.11251410836278436,True
ethereum,eth,Ethereum,0.923146,78905513.0,72841309.0,14523896.0,8.78,22.99,2026-09-19 22:39:48.436834+00:00,41,0.19939092527840213,False
avalanche-2,avax,Avalanche,1.341666,46432661.0,62297123.0,15923280.0,-8.82,-4.96,2026-09-19 22:39:48.436834+00:00,42,0.25560217283228315,False
synthetic-coin-38,syn38,Synthetic Coin 38,1.420541,28378284.0,40312516.0,12144099.0,-4.93,-9.29,2026-09-19 22:39:48.436834+00:00,43,0.30124884787642625,False
synthetic-coin-12,syn12,Synthetic Coin 12,8.432231,4688968.0,39538461.0,7130968.0,5.03,-5.99,2026-09-19 22:39:48.436834+00:00,44,0.18035522424608283,False
ripple,xrp,XRP,0.546425,70811372.0,38693104.0,11095903.0,-2.34,9.41,2026-09-19 22:39:48.436834+00:00,45,0.2867669391424374,False
synthetic-coin-37,syn37,Synthetic Coin 37,1.376697,22243882.0,30623086.0,2146762.0,12.77,13.05,2026-09-19 22:39:48.436834+00:00,46,0.07010273229811,True
synthetic-coin-15,syn15,Synthetic Coin 15,1.325003,12338477.0,16348519.0,2643443.0,2.49,18.0,2026-09-19 22:39:48.436834+00:00,47,0.16169311727869662,False
synthetic-coin-42,syn42,Synthetic Coin 42,1.952246,4434603.0,8657436.0,1933076.0,2.31,14.35,2026-09-19 22:39:48.436834+00:00,48,0.2232850465195469,False
solana,sol,Solana,0.149259,47685147.0,7117437.0,1054602.0,-5.56,-2.99,2026-09-19 22:39:48.436834+00:00,49,0.148171596039417,False
synthetic-coin-33,syn33,Synthetic Coin 33,1.451293,4050965.0,5879137.0,969846.0,-3.0,-10.9,2026-09-19 22:39:48.436834+00:00,50,0.1649640074725253,False
