id,symbol,name,image,current_price,market_cap,market_cap_rank,fully_diluted_valuation,total_volume,high_24h,low_24h,price_change_24h,price_change_percentage_24h,market_cap_change_24h,market_cap_change_percentage_24h,circulating_supply,total_supply,max_supply,ath,ath_change_percentage,ath_date,atl,atl_change_percentage,atl_date,roi,last_updated,price_change_percentage_24h_in_currency,price_change_percentage_7d_in_currency,volume_to_market_cap,risk_flag
bitcoin,btc,Bitcoin,https://coin-images.coingecko.com/coins/images/1/large/bitcoin.png?1696501400,80983.0,1626675710555,1,1626678787907,24323595290.0,81864.0,80838.0,-245.03478066825483,-0.30166,-4886672473.8532715,-0.29951,20086640.0,20086678.0,21000000.0,126080.0,-35.76853,2025-10-06T10:57:42.000Z,67.81,119328.05131,2013-07-05T16:00:00.000Z,,2026-09-19 22:13:20+00:00,-0.30166,5.1,0.014952946756487262,False
ethereum,eth,Ethereum,https://coin-images.coingecko.com/coins/images/279/large/ethereum.png?1696501628,2621.75,320015076366,2,320015076366,11514725620.0,2655.71,2604.22,-7.394760490410135,-0.28126,-894983334.3422852,-0.27889,122061836.5153193,122061836.5153193,,4946.05,-46.9931,2025-08-24T11:21:03.000Z,0.432979,605413.8967,2015-10-19T16:00:00.000Z,"{'times': 42.278818491405005, 'currency': 'btc', 'percentage': 4227.881849140501}",2026-09-19 22:13:20+00:00,-0.28126,4.3,0.03598182232774137,False
tether,usdt,Tether,https://coin-images.coingecko.com/coins/images/325/large/Tether.png?1696501661,0.999508,183294384385,3,188758639415,50960731325.0,0.999766,0.999502,-0.00021146266499239,-0.02115,-96700801.43789673,-0.05273,183384649794.42834,188851595759.0362,,1.32,-24.45686,2018-07-23T16:00:00.000Z,0.572521,74.58011,2015-03-01T16:00:00.000Z,,2026-09-19 22:13:20+00:00,-0.02115,0.0,0.2780266918486696,False
binancecoin,bnb,BNB,https://coin-images.coingecko.com/coins/images/825/large/bnb-icon2_2x.png?1696501970,758.38,100985880689,4,100985880227,972392874.0,772.67,757.65,-5.243505891623386,-0.68666,-698287092.2329559,-0.68672,133160312.03,133160310.25,200000000.0,1369.99,-44.64359,2025-10-13T00:41:24.000Z,0.0398177,1904526.0222,2017-10-18T16:00:00.000Z,,2026-09-19 22:13:20+00:00,-0.68666,4.6,0.009628998305165238,False
ripple,xrp,XRP,https://coin-images.coingecko.com/coins/images/44/large/xrp-symbol-white-128.png?1696501442,1.4,88176393839,5,140211233970,3172512296.0,1.45,1.39,-9.5334423561022e-05,-0.0068,-5994553.224914551,-0.0068,62879209849.0,99985622230.0,100000000000.0,3.65,-61.54228,2025-07-17T19:40:53.000Z,0.00268621,52104.24702,2014-05-21T16:00:00.000Z,,2026-09-19 22:13:20+00:00,-0.0068,3.3,0.03597915675472785,False
usd-coin,usdc,USDC,https://coin-images.coingecko.com/coins/images/6319/large/USDC.png?1769615602,0.999635,74073798177,6,74211319639,12474449519.0,0.99983,0.999602,-0.000170926224673296,-0.0171,152904258.0,0.20685,74100870036.42174,74256061160.73586,,1.043,-4.20043,2018-11-14T16:00:00.000Z,0.877647,13.89944,2023-03-11T00:02:13.000Z,,2026-09-19 22:13:20+00:00,-0.0171,0.0,0.16840569575212266,False
solana,sol,Solana,https://coin-images.coingecko.com/coins/images/4128/large/solana.png?1718769756,110.15,64698960466,7,69876981460,3098146655.0,113.93,110.25,-3.2309246963024094,-2.8496,-1889711322.4277039,-2.83789,587367610.0989969,634376098.9549229,,293.31,-62.44585,2025-01-19T03:15:27.000Z,0.500801,21894.91836,2020-05-11T11:35:23.000Z,,2026-09-19 22:13:20+00:00,-2.8496,9.2,0.047885570845115966,False
tron,trx,TRON,https://coin-images.coingecko.com/coins/images/1094/large/photo_2026-04-13_09-59-16.png?1776048311,0.33948,32235671791,8,32236125346,386031855.0,0.339711,0.337075,0.00086925,0.25671,82916752.0,0.25788,94955991096.57959,94957370375.85039,,0.431288,-21.28697,2024-12-03T16:10:40.000Z,0.00180434,18714.62574,2017-11-11T16:00:00.000Z,"{'times': 177.71689024592428, 'currency': 'usd', 'percentage': 17771.689024592426}",2026-09-19 22:13:20+00:00,0.25671,-0.1,0.011975300452952796,False
zcash,zec,Zcash,https://coin-images.coingecko.com/coins/images/486/large/Brandmark-Yellow_%281%29.png?1785810558,1473.12,24954958301,9,24956914783,1311412993.0,1590.8,1468.27,-30.537451237414416,-2.03088,-515317420.6225052,-2.02321,16940251.7280448,16941612.6655448,21000000.0,3191.93,-53.84873,2016-10-28T16:00:00.000Z,16.08,9061.09415,2024-07-04T20:22:29.000Z,,2026-09-19 22:13:20+00:00,-2.03088,31.0,0.052551199532457196,False
figure-heloc,figr_heloc,Figure Heloc,https://coin-images.coingecko.com/coins/images/68480/large/figure.png?1755863954,1.017,23140466333,10,23140466333,345014.0,1.044,1.001,-0.012492288717164124,-1.21361,-231347796.73926544,-0.98986,22756817018.848,22756817018.848,,1.061,-4.11849,2026-08-03T14:19:20.000Z,0.155357,554.532,2025-10-31T06:27:24.000Z,,2026-09-19 21:24:00+00:00,-1.21361,1.5,1.490955260084732e-05,False
hyperliquid,hype,Hyperliquid,https://coin-images.coingecko.com/coins/images/50882/large/hyperliquid.jpg?1729431300,91.24,20295546089,11,87160496395,1023726550.0,94.48,91.17,-0.8118611295962808,-0.88198,-180595028.7020836,-0.88198,222445714.07414138,955307079.4341414,1000000000.0,94.48,-3.43621,2026-09-19T03:05:00.000Z,3.81,2295.49595,2024-11-29T01:30:30.000Z,,2026-09-19 22:13:20+00:00,-0.88198,14.5,0.050440946280073264,False
dogecoin,doge,Dogecoin,https://coin-images.coingecko.com/coins/images/5/large/dogecoin.png?1696501409,0.087002,13571063610,12,13571071440,994686354.0,0.091052,0.08651,-0.001455912661712647,-1.64587,-225805355.67755127,-1.63664,155984896383.7052,171697243126.5791,,0.731578,-88.10757,2021-05-07T21:08:23.000Z,8.69e-05,100013.53207,2015-05-05T16:00:00.000Z,,2026-09-19 22:13:20+00:00,-1.64587,3.1,0.07329464974779526,False
monero,xmr,Monero,https://coin-images.coingecko.com/coins/images/69/large/monero_logo.png?1696501460,537.3,10104889167,13,10104921727,138427470.0,589.94,536.26,-36.85089111240188,-6.41833,-692801856.7197056,-6.4162,18806794.32832358,18806876.52802973,,797.73,-32.64679,2026-01-14T11:34:07.000Z,0.216177,248446.69429,2015-01-13T16:00:00.000Z,,2026-09-19 22:13:20+00:00,-6.41833,0.4,0.013699058714277533,False
whitebit,wbt,WhiteBIT Coin,https://coin-images.coingecko.com/coins/images/27045/large/wbt_token.png?1696526096,82.65,9825890190,14,24253763134,67411265.0,83.61,82.56,-0.6587213464434853,-0.79072,-78314052.89643288,-0.79072,118887984.0,293457483.0,400000000.0,83.64,-1.19054,2026-09-18T19:49:00.000Z,3.06,2599.42938,2023-02-13T11:01:21.000Z,,2026-09-19 22:13:20+00:00,-0.79072,3.2,0.00686057585587571,False
rain,rain,Rain,https://coin-images.coingecko.com/coins/images/69134/large/Rain_logo_1_.png?1762952191,0.01378774,9778741205,15,15751229298,20052012.0,0.01403534,0.01333444,0.00028711,2.12661,203631469.0,2.12668,709234633325.8774,1142408526965.963,1150000000000.0,0.01946402,-29.16297,2026-08-25T19:53:00.000Z,0.00222126,520.71724,2025-09-14T00:56:57.000Z,,2026-09-19 22:13:20+00:00,2.12661,-13.2,0.0020505719069185656,False
usds,usds,USDS,https://coin-images.coingecko.com/coins/images/39926/large/usds.webp?1726666683,0.999767,9590620438,16,9592362328,76907823.0,1.0,0.999778,-0.000302504979880158,-0.03025,8012588.0,0.08362,9592852188.602503,9594799888.32954,,1.057,-5.44349,2024-10-28T21:40:51.000Z,0.948265,5.43117,2024-10-03T05:19:28.000Z,,2026-09-19 22:13:20+00:00,-0.03025,0.0,0.008019066492849145,False
chainlink,link,Chainlink,https://coin-images.coingecko.com/coins/images/877/large/Chainlink_Logo_500.png?1760023405,12.32,9216691012,17,12320132838,453374048.0,12.67,12.22,-0.08958514976676746,-0.7219,-67017957.73533249,-0.72189,748099970.424884,1000000000.0,1000000000.0,52.7,-76.62054,2021-05-09T16:13:57.000Z,0.148183,8214.15532,2017-11-28T16:00:00.000Z,,2026-09-19 22:13:20+00:00,-0.7219,7.4,0.04919054435151547,False
cardano,ada,Cardano,https://coin-images.coingecko.com/coins/images/975/large/cardano.png?1696502090,0.225814,8473217631,18,10161649457,577310576.0,0.234678,0.221091,0.00033451,0.14835,12551723.0,0.14835,37522923322.162025,45000000000.0,45000000000.0,3.09,-92.68478,2021-09-01T22:00:10.000Z,0.01925275,1072.89462,2020-03-12T18:22:55.000Z,,2026-09-19 22:13:20+00:00,0.14835,9.3,0.06813357111091532,False
leo-token,leo,LEO Token,https://coin-images.coingecko.com/coins/images/8418/large/leo-token.png?1696508607,8.9,8190163668,19,8772304082,60122.0,8.96,8.88,-0.003956049405804407,-0.04441,-3639003.1084337234,-0.04441,919857851.9,985239504.0,,10.61,-16.10707,2026-05-04T09:35:00.000Z,0.799859,1013.16189,2019-12-24T07:14:35.000Z,,2026-09-19 22:13:20+00:00,-0.04441,-2.7,7.340756844079224e-06,False
stellar,xlm,Stellar,https://coin-images.coingecko.com/coins/images/100/large/fmpFRHHQ_400x400.jpg?1735231350,0.194021,6764990486,20,9701409104,274099670.0,0.20331,0.191293,0.00052988,0.27385,18473901.0,0.27383,34867266044.355034,50001786839.70148,,0.875563,-77.8404,2018-01-02T16:00:00.000Z,0.00047612,40650.20293,2015-03-04T16:00:00.000Z,,2026-09-19 22:13:20+00:00,0.27385,8.7,0.04051737701143014,False
uniswap,uni,Uniswap,https://coin-images.coingecko.com/coins/images/12504/large/uniswap-logo.png?1720676669,8.47,5257576164,21,7520418494,1117404141.0,9.41,8.47,-0.5015863233017708,-5.59258,-312026216.39617825,-5.60231,620934422.6104751,888182418.9163101,1000000000.0,44.92,-81.14906,2021-05-02T21:25:04.000Z,1.03,721.94863,2020-09-16T17:20:38.000Z,,2026-09-19 22:13:20+00:00,-5.59258,34.5,0.21253218329981763,False
bitcoin-cash,bch,Bitcoin Cash,https://coin-images.coingecko.com/coins/images/780/large/bitcoin-cash-circle.png?1696501932,250.93,5041469813,22,5041469028,240734321.0,262.11,245.38,-7.7119469115935715,-2.98174,-154811944.6943674,-2.97928,20091384.27165077,20091665.52165077,21000000.0,3785.82,-93.37193,2017-12-19T16:00:00.000Z,76.93,226.15535,2018-12-15T16:00:00.000Z,,2026-09-19 22:13:20+00:00,-2.98174,11.8,0.04775082067916768,False
ethena-usde,usde,Ethena USDe,https://coin-images.coingecko.com/coins/images/33613/large/usde.png?1733810059,0.999565,4834033584,23,4842030100,38286341.0,0.99989,0.999505,-0.000265836381664775,-0.02659,26904955.0,0.55969,4836138734.318859,4844138733.458858,,1.034,-3.33254,2025-12-09T09:10:12.000Z,0.929486,7.5395,2024-10-03T23:57:15.000Z,,2026-09-19 22:13:20+00:00,-0.02659,0.0,0.007920164461976978,False
near,near,NEAR Protocol,https://coin-images.coingecko.com/coins/images/10365/large/near.jpg?1696510367,3.55,4638993949,24,4638994041,1029756155.0,3.91,3.44,-0.1433653984632306,-3.8817,-187046948.10474777,-3.87578,1306757914.0,1306757922.0,,20.44,-82.63049,2022-01-16T14:09:45.000Z,0.526762,573.92854,2020-11-04T08:09:15.000Z,,2026-09-19 22:13:20+00:00,-3.8817,51.1,0.22197833545826856,False
dai,dai,Dai,https://coin-images.coingecko.com/coins/images/9956/large/Badge_Dai.png?1696509996,0.999757,4590376697,25,4591130372,192295891.0,1.0,0.999667,-0.000108449987369363,-0.01085,-9094586.960341454,-0.19773,4591492908.546177,4592080181.262536,,1.22,-17.98081,2020-03-12T19:02:50.000Z,0.88196,13.35628,2023-03-10T23:50:50.000Z,,2026-09-19 22:13:20+00:00,-0.01085,0.0,0.0418910916669809,False
litecoin,ltc,Litecoin,https://coin-images.coingecko.com/coins/images/2/large/litecoin.png?1696501400,56.92,4418417735,26,4418565014,369587527.0,59.16,56.74,-0.102891324489093,-0.18044,-7745065.172363281,-0.17498,77626110.6946591,77628804.45161624,84000000.0,410.26,-86.12616,2021-05-09T19:13:07.000Z,1.15,4854.44757,2015-01-13T16:00:00.000Z,,2026-09-19 22:13:20+00:00,-0.18044,6.5,0.0836470313959574,False
usd1-wlfi,usd1,USD1,https://coin-images.coingecko.com/coins/images/54977/large/USD1_1000x1000_transparent.png?1749297002,0.999333,4353891611,27,4353891611,941953283.0,0.999766,0.999331,-0.00033746598163531,-0.03376,-1470120.704738617,-0.03375,4356798749.096847,4356798749.096847,,1.048,-4.63766,2026-07-09T10:14:50.000Z,0.988762,1.06904,2026-07-09T09:13:20.000Z,,2026-09-19 22:13:20+00:00,-0.03376,0.0,0.21634743515896865,False
canton-network,cc,Canton,https://coin-images.coingecko.com/coins/images/70468/large/Canton-Ticker_%281%29.png?1762826299,0.108743,4310267694,28,4310267694,9210715.0,0.113632,0.108646,-0.002453386049355202,-2.20636,-96529231.9880495,-2.19046,39637376908.9294,39638102461.12238,,0.194152,-43.99094,2026-02-03T00:02:08.000Z,0.059024,84.23425,2025-12-06T02:32:09.000Z,,2026-09-19 22:13:20+00:00,-2.20636,12.3,0.0021369241202400364,False
avalanche-2,avax,Avalanche,https://coin-images.coingecko.com/coins/images/12559/large/Avalanche_Circle_RedWhite_Trans.png?1696512369,9.63,4263918212,29,4520668284,878853448.0,9.81,8.18,1.39,16.84694,614828776.0,16.84883,442876403.01937205,469545103.019372,720000000.0,144.96,-93.35847,2021-11-21T06:18:56.000Z,2.8,243.71367,2020-12-31T05:15:21.000Z,,2026-09-19 22:13:20+00:00,16.84694,31.3,0.20611404916882115,True
the-open-network,gram,Gram (prev. Toncoin),https://coin-images.coingecko.com/coins/images/17980/large/Gram_Circular_Badge.png?1781524778,1.38,3849447555,30,7223970579,38703550.0,1.4,1.35,-0.003847484389883471,-0.27894,-9978012.06191349,-0.25854,2798645309.614346,5252029992.466116,,8.25,-83.33495,2024-06-14T16:36:51.000Z,0.519364,164.83708,2021-09-20T16:33:11.000Z,,2026-09-19 22:13:20+00:00,-0.27894,-0.3,0.010054312845418153,False
hedera-hashgraph,hbar,Hedera,https://coin-images.coingecko.com/coins/images/3688/large/hbar.png?1696504364,0.080423,3525094631,31,4021169742,108124265.0,0.082326,0.078191,0.00119681,1.51061,52458016.0,1.51061,43831706402.44993,50000000000.0,50000000000.0,0.569229,-85.87152,2021-09-15T02:40:28.000Z,0.00986111,715.56124,2020-01-02T09:30:24.000Z,,2026-09-19 22:13:20+00:00,1.51061,8.3,0.030672726924589618,False
sui,sui,Sui,https://coin-images.coingecko.com/coins/images/26375/large/sui-ocean-square.png?1727791290,0.849609,3480455784,32,8496092333,910079988.0,0.885594,0.807388,0.0304475,3.71691,124729209.0,3.71691,4096537146.5409594,10000000000.0,10000000000.0,5.35,-84.10926,2025-01-04T14:56:18.000Z,0.364846,132.86771,2023-10-19T02:40:30.000Z,,2026-09-19 22:13:20+00:00,3.71691,18.3,0.26148299087255406,False
memecore,m,MemeCore,https://coin-images.coingecko.com/coins/images/53247/large/square-bg-transparent.png?1752637478,1.49,3391181235,33,8072709153,2119700.0,1.57,1.27,0.16678,12.59927,380607510.0,12.64236,2275181712.9720397,5416071559.479265,10000000000.0,5.64,-73.58841,2026-07-02T04:14:00.000Z,0.04746135,3040.47154,2025-07-03T19:56:17.000Z,,2026-09-19 22:13:20+00:00,12.59927,24.5,0.0006250624349187872,True
global-dollar,usdg,Global Dollar,https://coin-images.coingecko.com/coins/images/51281/large/GDN_USDG_Token_200x200.png?1730484111,0.999733,3258703884,34,3258703884,606026750.0,1.0,0.999731,-0.000192650234014047,-0.01927,4904134.0,0.15072,3259575067.166086,3259575067.166086,,1.65,-39.57551,2025-01-29T16:11:05.000Z,0.907561,10.15597,2024-11-11T15:55:50.000Z,,2026-09-19 22:13:20+00:00,-0.01927,0.0,0.1859717150047132,False
shiba-inu,shib,Shiba Inu,https://coin-images.coingecko.com/coins/images/11939/large/shiba.png?1696511800,5.45e-06,3210219473,35,3211620133,93792649.0,5.68e-06,5.37e-06,-5.0415984737e-08,-0.91691,-29707444.93303585,-0.91692,589238980266928.6,589496073303830.6,,8.616e-05,-93.67671,2021-10-27T19:54:55.000Z,5.6366e-11,9665366.78152,2020-11-28T03:26:25.000Z,,2026-09-19 22:13:20+00:00,-0.91691,3.3,0.02921689616204007,False
bittensor,tao,Bittensor,https://coin-images.coingecko.com/coins/images/28452/large/ARUsPeNQ_400x400.jpeg?1696527447,262.16,2972835835,36,5505423445,327263997.0,273.18,247.17,12.48,4.99987,141560141.0,4.99987,11339645.9251,21000000.0,21000000.0,757.6,-65.39581,2024-03-07T10:45:36.000Z,30.83,750.35122,2023-05-14T00:57:53.000Z,,2026-09-19 22:13:20+00:00,4.99987,12.9,0.11008478609785058,False
crypto-com-chain,cro,Cronos,https://coin-images.coingecko.com/coins/images/7310/large/cro_token_logo.png?1696507599,0.059037,2936012273,37,5840627429,7131591.0,0.060428,0.058546,-0.000718764461484223,-1.20284,-35624522.98021269,-1.19882,49731754064.07772,98931759541.5279,100000000000.0,0.891544,-93.37812,2021-11-23T16:00:00.000Z,0.0121196,387.11992,2019-02-07T16:00:00.000Z,,2026-09-19 22:13:20+00:00,-1.20284,0.2,0.00242900585449971,False
paypal-usd,pyusd,PayPal USD,https://coin-images.coingecko.com/coins/images/31212/large/PYUSD_Token_Logo_2x.png?1765987788,0.9997,2801523405,38,2801523405,54695829.0,1.0,0.9997,-0.000392651957782042,-0.03926,21214427.0,0.76302,2802363980.2795286,2802363980.279528,,1.021,-2.06099,2023-10-23T14:44:57.000Z,0.959426,4.19771,2024-12-05T14:31:13.000Z,,2026-09-19 22:13:20+00:00,-0.03926,0.0,0.019523602373759216,False
tether-gold,xaut,Tether Gold,https://coin-images.coingecko.com/coins/images/10481/large/logo.png?1774627372,4372.71,2723426404,39,3094771818,66034296.0,4380.52,4370.64,-4.488858819835514,-0.10255,-2795767.477292061,-0.10255,622823.6595320001,707747.089,,5504.62,-20.56287,2026-01-28T16:00:00.000Z,1447.84,202.01577,2020-03-19T05:45:41.000Z,,2026-09-19 22:13:20+00:00,-0.10255,0.5,0.024246770870331915,False
hashnote-usyc,usyc,Circle USYC,https://coin-images.coingecko.com/coins/images/51054/large/Hashnote_SDYC_200x200.png?1730370965,1.14,2508311923,40,2508311923,0.0,1.14,1.14,0.0,0.0,0.0,0.0,2204386896.824222,2204386896.824222,,1.14,0.0,2026-09-18T12:35:00.000Z,1.026,10.89267,2024-12-05T14:31:20.000Z,,2026-09-19 22:13:20+00:00,0.0,0.1,0.0,False
okb,okb,OKB,https://coin-images.coingecko.com/coins/images/4463/large/WeChat_Image_20220118095654.png?1696505053,117.31,2463524985,41,2463524985,51498937.0,123.01,115.66,0.525644,0.45009,11038518.0,0.45009,21000000.0,21000000.0,21000000.0,228.74,-48.71425,2025-10-04T16:00:00.000Z,0.580608,20104.80501,2019-01-13T16:00:00.000Z,,2026-09-19 22:13:20+00:00,0.45009,3.3,0.020904572640248663,False
ripple-usd,rlusd,Ripple USD,https://coin-images.coingecko.com/coins/images/39651/large/RLUSD_200x200_%281%29.png?1727376633,0.999945,2378866478,42,2378866478,189926452.0,1.0,0.999802,-0.000146393414790613,-0.01464,32655250.0,1.39183,2378997051.087132,2378997051.087129,,1.073,-6.79265,2024-12-26T02:45:52.000Z,0.962292,3.91288,2024-12-17T20:40:40.000Z,,2026-09-19 22:13:20+00:00,-0.01464,0.0,0.07983905517878334,False
blackrock-usd-institutional-digital-liquidity-fund,buidl,BlackRock USD Institutional Digital Liquidity Fund,https://coin-images.coingecko.com/coins/images/36291/large/blackrock.png?1711013223,1.0,2329036631,43,2329036631,0.0,1.0,1.0,1.11e-16,0.0,-4.76837158203e-07,0.0,2329036630.620448,2329036630.620448,,1.0,0.0,2025-02-11T21:00:10.000Z,1.0,0.0,2026-07-23T07:25:00.000Z,,2026-09-19 22:13:20+00:00,0.0,0.0,0.0,False
ondo-us-dollar-yield,usdy,Ondo US Dollar Yield,https://coin-images.coingecko.com/coins/images/31700/large/usdy_%281%29.png?1696530524,1.14,2240340773,44,2240340773,2902378.0,1.15,1.14,-0.002575333940292301,-0.22517,-5052354.29288578,-0.22501,1963196035.3813677,1963196035.381367,,1.26,-9.64944,2024-03-26T21:24:08.000Z,0.934184,22.15682,2024-01-14T03:40:50.000Z,,2026-09-19 22:13:20+00:00,-0.22517,-0.3,0.001295507377707311,False
aave,aave,Aave,https://coin-images.coingecko.com/coins/images/12645/large/aave-token-round.png?1720472354,139.59,2153579588,45,2233413358,292057370.0,146.6,138.38,0.865063,0.62359,13355931.0,0.62404,15428077.060291616,16000000.0,16000000.0,661.69,-78.90419,2021-05-18T13:19:59.000Z,26.02,436.40271,2020-11-05T01:20:11.000Z,,2026-09-19 22:13:20+00:00,0.62359,11.6,0.13561484870463028,False
aster-2,aster,Aster,https://coin-images.coingecko.com/coins/images/69040/large/_ASTER.png?1757326782,0.75971,2054310906,46,5925671231,165926155.0,0.790454,0.752974,-0.007123479566025215,-0.92895,-19262394.98942852,-0.92895,2704071066.7997313,7799908028.130118,8000000000.0,2.41,-68.4602,2025-09-24T03:18:14.000Z,0.099713,661.89342,2025-09-17T04:05:36.000Z,,2026-09-19 22:13:20+00:00,-0.92895,11.4,0.08076973865804907,False
mantle,mnt,Mantle,https://coin-images.coingecko.com/coins/images/30980/large/MNT_Token_Logo.png?1765516974,0.620832,2050171302,47,3861153287,37942972.0,0.644878,0.601469,-0.004563294964631925,-0.72967,-15069343.327562094,-0.72967,3302294382.53684,6219316794.889999,6219316794.89,2.86,-78.25499,2025-10-08T17:04:46.000Z,0.307978,101.58368,2023-10-17T18:50:46.000Z,,2026-09-19 22:13:20+00:00,-0.72967,9.4,0.018507220329825883,False
ethena,ena,Ethena,https://coin-images.coingecko.com/coins/images/36530/large/ethena.png?1711701436,0.199962,2018678547,48,2999429509,780625869.0,0.209621,0.16749,0.03055689,18.03777,308481430.0,18.03777,10095312500.0,15000000000.0,15000000000.0,1.52,-86.82469,2024-04-11T05:15:15.000Z,0.070228,184.73057,2026-06-30T15:44:00.000Z,,2026-09-19 22:13:20+00:00,18.03777,42.6,0.3867014241371437,True
ondo-finance,ondo,Ondo,https://coin-images.coingecko.com/coins/images/26580/large/ONDO.png?1696525656,0.413697,2014428494,49,4136972081,258864311.0,0.441448,0.393936,0.01504218,3.77323,73245357.0,3.77323,4869330647.0,10000000000.0,10000000000.0,2.14,-80.66977,2024-12-15T16:36:00.000Z,0.082171,403.45895,2024-01-18T04:14:30.000Z,,2026-09-19 22:13:20+00:00,3.77323,19.2,0.12850508805402153,False
pump-fun,pump,Pump.fun,https://coin-images.coingecko.com/coins/images/67164/large/pump.jpg?1751949376,0.00416386,1946957094,50,3468896703,113889869.0,0.00430357,0.00405448,-0.000220718760082365,-5.03398,-103951098.61270118,-5.06854,467584802528.84216,833079244823.415,1000000000000.0,0.00881908,-52.78581,2025-09-14T08:42:40.000Z,0.00115473,260.59273,2026-06-25T17:04:20.000Z,,2026-09-19 22:13:20+00:00,-5.03398,8.8,0.05849634249823895,False
